155		null()
1049		silence()
1	find a connection from *STREET in *BOROUGH to *STREET	inform(from_street="*STREET")&inform(to_street="*STREET")&inform(from_borough="*BOROUGH")&inform(task="find_connection")
1	find a connection	inform(task="find_connection")
1	make a *BOROUGH	inform(borough="*BOROUGH")
1	make a connection	inform(task="find_connection")
1	there a *NUMBER o'clock schedule	inform(departure_time="*DEPARTURE_TIME")&inform(task="find_connection")
1	ask about the time requirement	request(duration)
1	how about *STOP to *STREET	inform(to_street="*STREET")&inform(from_stop="*STOP")
1	information about public	null()
1	what about a connection at *NUMBER *AMPM	inform(departure_time="*DEPARTURE_TIME")&inform(ampm="*AMPM")&inform(task="find_connection")
1	what about a connection by *VEHICLE	inform(vehicle="*VEHICLE")&inform(task="find_connection")
1	what about from *STREET to *STREET	inform(from_street="*STREET")&inform(to_street="*STREET")
1	what about later options	inform(alternative="next")
1	what about	null()
1	what about *NUMBER in the *AMPM	inform(time="*TIME")&inform(ampm="*AMPM")
1	what about *STOP to *STREET	inform(to_street="*STREET")&inform(from_stop="*STOP")
1	what about *STREET	inform(street="*STREET")
1	what about the connection at *NUMBER o'clock in the *AMPM i prefer to take the *VEHICLE	inform(departure_time="*DEPARTURE_TIME")&inform(ampm="*AMPM")&inform(vehicle="*VEHICLE")&inform(task="find_connection")
1	what about the duration of the trip	null()
1	what about the next ride	inform(alternative="next")
1	what about the *NUMBER *AMPM connection	inform(departure_time="*DEPARTURE_TIME")&inform(ampm="*AMPM")&inform(task="find_connection")
1	what about the time requirements	request(duration)
1	what about time requirements to find out the next connection	inform(task="find_connection")&request(duration)&inform(alternative="next")
1	okay 	ack()
2	ok	ack()
2	okay	ack()
1	right	ack()
3	yes 	affirm()
1	sure	affirm()
5	yeah	affirm()
165	yes	affirm()
2	correct	affirm()&ack()
1	that's all	null()
1	that's all thank you good bye	bye()&thankyou()
1	i already told you you fucking moron	null()
1	i also want to know about time requirements	request(duration)
1	an alternative at *NUMBER *AMPM by *VEHICLE	inform(time="*TIME")&inform(ampm="*AMPM")&inform(vehicle="*VEHICLE")
1	i am at *STOP and i'm going to *STOP	inform(from_stop="*STOP")&inform(to_stop="*STOP")
1	i am def-	null()
1	i am departing from *STREET and want to get to *STREET	inform(from_street="*STREET")&inform(to_street="*STREET")&inform(task="find_connection")
1	i am going to *STOP	inform(to_stop="*STOP")
1	i am headed from *STOP to *STREET and i was wondering how long the ride would be	inform(to_street="*STREET")&inform(from_stop="*STOP")&request(distance)
1	i am in *STOP and i want to go to *STREET	inform(to_street="*STREET")&inform(from_stop="*STOP")&inform(task="find_connection")
1	i am leaving from *STREET and heading towards *STREET	inform(from_street="*STREET")&inform(from_street2="*STREET")
3	i am looking for a connection	inform(task="find_connection")
1	i am looking for a connection leaving from dyck-	inform(task="find_connection")
1	i am looking for an itinerary	inform(task="find_connection")
1	i am looking for an itinerary please my departure stop is *STOP and i am heading to *STREET	inform(to_street="*STREET")&inform(stop="*STOP")&inform(task="find_connection")
1	i am looking for a transit schedule from *STREET headed to *STOP	inform(from_street="*STREET")&inform(to_stop="*STOP")&inform(task="find_connection")
1	i am not sure	affirm()&negate()
1	i am starting from *STREET and heading towards *STREET	inform(from_street="*STREET")&inform(from_street2="*STREET")
1	i am still here	null()
1	i am traveling from *STOP to *STREET	inform(to_street="*STREET")&inform(from_stop="*STOP")
1	i am traveling to *STOP	inform(to_stop="*STOP")
1	i am traveling to *STREET	inform(to_street="*STREET")
1	i am travelling from *STOP and my destination is *STOP	inform(from_stop="*STOP")&inform(to_stop="*STOP")
1	i am travelling from *STREET and	inform(from_street="*STREET")
1	i am travelling from *STREET and i want to get to *STREET	inform(from_street="*STREET")&inform(to_street="*STREET")&inform(task="find_connection")
1	i am trying to find a connection from *STREET *BOROUGH to *STREET	inform(from_street="*STREET")&inform(to_street="*STREET")&inform(from_borough="*BOROUGH")&inform(task="find_connection")
7	*NUMBER *AMPM	inform(time="*TIME")&inform(ampm="*AMPM")
1	*NUMBER *AMPM in the *AMPM from *STREET to *STOP by *VEHICLE	inform(from_street="*STREET")&inform(to_stop="*STOP")&inform(time="*TIME")&inform(ampm="*AMPM")&inform(ampm="*AMPM")&inform(vehicle="*VEHICLE")
1	*NUMBER *AMPM schedule by *VEHICLE	inform(departure_time="*DEPARTURE_TIME")&inform(ampm="*AMPM")&inform(vehicle="*VEHICLE")&inform(task="find_connection")
1	*NUMBER *AMPM schedule	inform(departure_time="*DEPARTURE_TIME")&inform(ampm="*AMPM")&inform(task="find_connection")
1	*NUMBER *AMPM take the *VEHICLE	inform(time="*TIME")&inform(ampm="*AMPM")&inform(vehicle="*VEHICLE")
1	*NUMBER *AMPM weather in *STREET	inform(to_street="*STREET")&inform(time="*TIME")&inform(ampm="*AMPM")&inform(task="weather")
1	*CITY and *NUMBER	inform(city="*CITY")
1	*NUMBER and the next connection and the forecast in *CITY	inform(in_city="*CITY")&inform(task="find_connection")&inform(task="weather")&inform(alternative="next")
1	ok and how many transfers will i need	ack()&request(num_transfers)
1	ok and i need to find out the connection in a *NUMBER an hour	inform(departure_time_rel="*DEPARTURE_TIME_REL")&inform(task="find_connection")&ack()
1	okay and what is the weather forecast and the time	inform(task="weather")&ack()
1	*STOP and	inform(stop="*STOP")
1	*STREET and head towards *STOP	inform(street="*STREET")&inform(stop="*STOP")
1	*STREET and *NUMBER second	inform(street="*STREET")
8	*STREET and *STREET	inform(street="*STREET")&inform(street="*STREET")
1	yes and how long will it take to get there	affirm()&request(duration)
1	what are the number of transfers	request(num_transfers)
1	what are the time requirements for the next connection from *STOP the east state *CITY	inform(from_stop="*STOP")&inform(from_city="*CITY")&inform(task="find_connection")&request(duration)&inform(alternative="next")
2	what are the time requirements	request(duration)
1	you are not helping me	negate()
1	south arkana forecast	null()
1	and arrive at the *STREET	inform(street="*STREET")
1	i'm asking for public transport and i want to go from *STREET to *STOP	inform(from_street="*STREET")&inform(to_stop="*STOP")&inform(task="find_connection")
1	alternative at *NUMBER *AMPM	inform(time="*TIME")&inform(ampm="*AMPM")
1	arrive at *STOP	inform(stop="*STOP")
1	i'm at *STOP i'm going to *STOP	inform(from_stop="*STOP")&inform(to_stop="*STOP")
1	i'm at *STOP	inform(from_stop="*STOP")
1	option at a later time	inform(alternative="next")
1	schedule at *NUMBER in the *AMPM	inform(departure_time="*DEPARTURE_TIME")&inform(ampm="*AMPM")&inform(task="find_connection")
1	street at *NUMBER o'clock *AMPM	inform(time="*TIME")&inform(ampm="*AMPM")
3	port authority	null()
1	port authority to *STREET	inform(to_street="*STREET")
2	go back	null()
1	that'll be it	null()
1	to be like in *BOROUGH	inform(in_borough="*BOROUGH")
1	yes be at the *VEHICLE	inform(vehicle="*VEHICLE")&affirm()
1	and *BOROUGH	inform(borough="*BOROUGH")
1	from *BOROUGH	inform(from_borough="*BOROUGH")
1	in *BOROUGH *CITY	inform(in_borough="*BOROUGH")&inform(in_city="*CITY")
6	in *BOROUGH	inform(in_borough="*BOROUGH")
1	*STREET *BOROUGH i did not understand	inform(street="*STREET")&inform(borough="*BOROUGH")&notunderstood()&negate()&ack()
29	*STREET *BOROUGH	inform(street="*STREET")&inform(borough="*BOROUGH")
2	*STREET *BOROUGH to	inform(from_street="*STREET")&inform(from_borough="*BOROUGH")
1	*STREET *BOROUGH to *STREET and *STREET	inform(from_street="*STREET")&inform(to_street="*STREET")&inform(to_street2="*STREET")&inform(from_borough="*BOROUGH")
1	*STREET *BOROUGH to *STREET how long is it	inform(from_street="*STREET")&inform(to_street="*STREET")&inform(from_borough="*BOROUGH")&request(distance)
12	*STREET *BOROUGH to *STREET	inform(from_street="*STREET")&inform(to_street="*STREET")&inform(from_borough="*BOROUGH")
1	the *BOROUGH 	inform(borough="*BOROUGH")
1	to *BOROUGH	inform(to_borough="*BOROUGH")
1	yes *BOROUGH	inform(borough="*BOROUGH")&affirm()
1	how bout the next ride	inform(alternative="next")
1	state building	null()
1	connection by *VEHICLE	inform(vehicle="*VEHICLE")&inform(task="find_connection")
1	travel by *VEHICLE	inform(vehicle="*VEHICLE")
9	good bye	bye()
2	bye	bye()
13	goodbye	bye()
1	and can you tell me what the weather is like in *CITY	inform(in_city="*CITY")&inform(task="weather")
1	ok can i go to *STOP	inform(to_stop="*STOP")&ack()
1	okay can i get another ride	reqalts()&ack()&inform(alternative="next")
1	okay can you repeat that	repeat()&ack()
1	um can i change from	null()
1	yes can i have a connection to from *STREET to ro	inform(from_street="*STREET")&inform(task="find_connection")&affirm()
1	yes can you make	affirm()
1	yes can you tell me the distance of the trip	affirm()&request(distance)
1	i can't understand you	ack()
1	i'm changing go to *STOP	inform(to_stop="*STOP")
1	-sas city *STATE	inform(state="*STATE")
1	*BOROUGH *CITY	inform(borough="*BOROUGH")&inform(city="*CITY")
1	*CITY *CITY	inform(city="*CITY")&inform(state="*STATE")
4	*CITY *CITY	inform(from_city="*CITY")&inform(to_city="*CITY")
2	from *CITY	inform(from_city="*CITY")
1	hello *CITY	inform(city="*CITY")&hello()
1	how *CITY i help you	inform(city="*CITY")&help()
1	i *CITY you get hit by a *VEHICLE	inform(city="*CITY")&inform(vehicle="*VEHICLE")
1	in *CITY	inform(in_city="*CITY")
1	in *CITY	inform(in_state="*STATE")
1	no *CITY is incorrect i want to go from the *STREET to *STREET	inform(from_street="*STREET")&inform(to_street="*STREET")&inform(city="*CITY")&negate()&inform(task="find_connection")
1	*NUMBER *CITY *NUMBER	inform(city="*CITY")
1	saint *CITY	inform(city="*CITY")
1	*STREET *CITY	inform(street="*STREET")&inform(city="*CITY")
1	to *CITY	inform(to_city="*CITY")
1	um *CITY	inform(city="*CITY")
1	world *CITY to delancey	inform(from_city="*CITY")
1	dialog code	null()
1	dialog code validation field	null()
1	dialogue code	null()
1	dialogue code validation	null()
1	validation code	null()
1	validation code please dialogue code	null()
1	your code is	null()
1	*CITY college	inform(city="*CITY")
1	a connection at *NUMBER *AMPM for *STREET	inform(street="*STREET")&inform(departure_time="*DEPARTURE_TIME")&inform(ampm="*AMPM")&inform(task="find_connection")
1	best connection at *NUMBER *AMPM	inform(departure_time="*DEPARTURE_TIME")&inform(ampm="*AMPM")&inform(task="find_connection")
2	last connection	inform(task="find_connection")&inform(alternative="last")
1	lost connection from *STOP to *STOP	inform(from_stop="*STOP")&inform(to_stop="*STOP")&inform(task="find_connection")
2	new connection	inform(task="find_connection")&restart()
8	next connection	inform(task="find_connection")&inform(alternative="next")
2	Testing connection to the update server..
3	*VEHICLE connection from *STOP to *STOP	inform(from_stop="*STOP")&inform(to_stop="*STOP")&inform(vehicle="*VEHICLE")&inform(task="find_connection")
1	*VEHICLE connection from *STREET *BOROUGH to *STREET and *STREET	inform(from_street="*STREET")&inform(to_street="*STREET")&inform(to_street2="*STREET")&inform(from_borough="*BOROUGH")&inform(vehicle="*VEHICLE")&inform(task="find_connection")
1	*VEHICLE connection	inform(vehicle="*VEHICLE")&inform(task="find_connection")
1	what connection will i be in *NUMBER an hour	inform(departure_time_rel="*DEPARTURE_TIME_REL")&inform(task="find_connection")
1	yes connection in *NUMBER minutes	inform(departure_time_rel="*DEPARTURE_TIME_REL")&inform(task="find_connection")&affirm()
1	yes correct	affirm()&ack()
1	*CITY creek	inform(city="*CITY")
1	i'm departing from *STREET	inform(from_street="*STREET")
2	change destination to *STREET	inform(to_street="*STREET")
1	my destination is *STOP	inform(to_stop="*STOP")
1	my destination is *STREET c o r t l a n d t st-	inform(to_street="*STREET")
2	my destination is *STREET	inform(to_street="*STREET")
1	my destination stop is the *STREET	inform(to_street="*STREET")
1	same destination in the *AMPM at *NUMBER	inform(time="*TIME")&inform(ampm="*AMPM")
1	i did not say *CITY i said *STREET	inform(street="*STREET")&inform(city="*CITY")&negate()
1	duration distance of trip	request(distance)
1	the distance of the trip	request(distance)
1	how do i get from *STREET to *STOP	inform(from_street="*STREET")&inform(to_stop="*STOP")
1	how do i go from *STOP to *STREET	inform(to_street="*STREET")&inform(from_stop="*STOP")
1	how do i go from *STREET to *STOP	inform(from_street="*STREET")&inform(to_stop="*STOP")
1	where do you want to travel to	inform(task="find_connection")
1	long does it take	null()
12	when does it leave	request(departure_time="*DEPARTURE_TIME")
1	i'm done stop	null()
2	i don't care	null()
1	i don't know	null()
1	i don't want 	null()
1	dura duration of trip	null()
1	nothing else good bye	bye()
1	nothing else	null()
2	how far is it	request(distance)
1	how far is that	request(distance)
1	how far is the trip	request(distance)
1	how far what is the distance of this trip	request(distance)
1	how far will i be travelling	request(distance)
1	and find out connection	inform(task="find_connection")
1	that's fine	ack()
1	forecast for *DATE_REL in *CITY *CITY	inform(in_city="*CITY")&inform(to_city="*CITY")&inform(date_rel="*DATE_REL")
1	looking for a public transit route	null()
1	looking for *VEHICLE connection	inform(vehicle="*VEHICLE")&inform(task="find_connection")
1	no for the third time	negate()
1	search for a ride	null()
1	search for a route	null()
1	search for a route *NUMBER *AMPM to *STREET	inform(to_street="*STREET")&inform(time="*TIME")&inform(ampm="*AMPM")
1	search for a transit schedule	inform(task="find_connection")
1	search for 	null()
1	search for transit schedule	inform(task="find_connection")
1	time for *STREET *BOROUGH to *STREET	inform(from_street="*STREET")&inform(to_street="*STREET")&inform(in_borough="*BOROUGH")
1	weather for that	inform(task="weather")
1	yes for the third time	affirm()
1	a forecast of the weather and time in *BOROUGH	inform(in_borough="*BOROUGH")&inform(task="weather")
1	weather forecast and time for *BOROUGH	inform(in_borough="*BOROUGH")&inform(task="weather")
1	weather forecast and time for	inform(task="weather")
1	weather forecast and time in *CITY *CITY	inform(in_city="*CITY")&inform(in_state="*STATE")&inform(task="weather")
2	weather forecast and time	inform(task="weather")
2	weather forecast for *CITY *CITY	inform(in_city="*CITY")&inform(state="*STATE")&inform(task="weather")
3	weather forecast for *CITY	inform(in_city="*CITY")&inform(task="weather")
1	weather forecast in *CITY *CITY	inform(in_city="*CITY")&inform(in_state="*STATE")&inform(task="weather")
9	weather forecast	inform(task="weather")
1	weekend forecast	null()
1	*CITY from the *STOP to	inform(from_stop="*STOP")&inform(to_city="*CITY")
1	connection from *STOP to *STOP	inform(from_stop="*STOP")&inform(to_stop="*STOP")&inform(task="find_connection")
1	connection from *STREET *BOROUGH	inform(from_street="*STREET")&inform(from_borough="*BOROUGH")&inform(task="find_connection")
2	connection from *STREET *BOROUGH to *STREET and *STREET	inform(from_street="*STREET")&inform(to_street="*STREET")&inform(to_street2="*STREET")&inform(from_borough="*BOROUGH")&inform(task="find_connection")
1	connection from *STREET *BOROUGH to *STREET and *STREET *NUMBER *AMPM	inform(from_street="*STREET")&inform(to_street="*STREET")&inform(to_street2="*STREET")&inform(from_borough="*BOROUGH")&inform(departure_time="*DEPARTURE_TIME")&inform(ampm="*AMPM")&inform(task="find_connection")
4	connection from *STREET *BOROUGH to *STREET	inform(from_street="*STREET")&inform(to_street="*STREET")&inform(from_borough="*BOROUGH")&inform(task="find_connection")
1	connection from *STREET in *BOROUGH to *STREET	inform(from_street="*STREET")&inform(to_street="*STREET")&inform(from_borough="*BOROUGH")&inform(task="find_connection")
1	connection from *STREET to *STOP	inform(from_street="*STREET")&inform(to_stop="*STOP")&inform(task="find_connection")
1	depart from *STREET and head towards *STOP	confirm(from_street="*STREET")&confirm(from_stop="*STOP")
1	from from	null()
3	no from *STREET	inform(from_street="*STREET")&negate()
1	starting from *STOP	inform(from_stop="*STOP")
1	thanks g-	thankyou()
1	to go from *STREET *BOROUGH to *STREET	inform(from_street="*STREET")&inform(to_street="*STREET")&inform(from_borough="*BOROUGH")
1	i'm going from *STOP to *STOP thank you goodbye 	inform(from_stop="*STOP")&inform(to_stop="*STOP")&bye()&thankyou()
1	i'm going from *STREET and heading to *STOP	inform(from_street="*STREET")&inform(to_stop="*STOP")
2	i'm going to *STREET	inform(to_street="*STREET")
1	*STREET going to *STOP	inform(from_street="*STREET")&inform(to_stop="*STOP")
1	*STREET going to *STREET	inform(from_street="*STREET")&inform(to_street="*STREET")
1	thanks goodbye	bye()&thankyou()
1	oh goodness	null()
1	what have i just said	null()
1	i'm headed to *STREET and *STREET	inform(to_street="*STREET")&inform(to_street2="*STREET")
2	i'm heading to *STOP	inform(to_stop="*STOP")&inform(task="find_connection")
1	hell- hello *CITY	inform(city="*CITY")&hello()
2	hello 	hello()
25	hello	hello()
3	hi	hello()
2	help	help()
1	about how long does it take	request(duration)
1	about how long is that going to take	request(duration)
1	about how long will that trip take	request(duration)
1	and how long will it take to get there	request(duration)
1	and how many transfers is there	request(num_transfers)
1	and how many transfers	request(num_transfers)
1	and how many transfers would that be	request(num_transfers)
1	how how long will it take	request(duration)
1	ok how long will that take and when is the next connection	inform(task="find_connection")&ack()&request(departure_time="*DEPARTURE_TIME")&request(duration)&inform(alternative="next")
1	ok how long would the trip be	ack()&request(duration)&request(distance)
1	yes how do i get from *STREET to *STREET	inform(from_street="*STREET")&inform(to_street="*STREET")&affirm()
1	yes how long does it take	affirm()&request(duration)
1	yes how much time would that take	affirm()&request(duration)
1	yes how to start from *STREET to *STOP	inform(from_street="*STREET")&inform(to_stop="*STOP")&affirm()
1	and i am going to visit *STREET	inform(to_street="*STREET")
1	and i want to go to *STREET	inform(to_street="*STREET")&inform(task="find_connection")
1	and i want to know about the duration of the trip the distance of the trip and	request(duration)&request(distance)
1	and i will arrive what what time	request(arrival_time="*ARRIVAL_TIME")
1	and i would like to know the duration of the trip and find out the connections at *NUMBER *NUMBER *AMPM	inform(time="*TIME")&inform(ampm="*AMPM")&request(duration)
1	but i wanna go by *VEHICLE	inform(vehicle="*VEHICLE")
1	but i want to go by *VEHICLE	inform(vehicle="*VEHICLE")&inform(task="find_connection")
1	but i want to go to by by *VEHICLE	inform(vehicle="*VEHICLE")&inform(task="find_connection")
1	can i change the destination to *STOP	inform(to_stop="*STOP")
1	can i find a connection	inform(task="find_connection")
2	can i get a connection at a later time	inform(task="find_connection")&inform(alternative="next")
2	can i get a connection from *STREET *BOROUGH to *STREET	inform(from_street="*STREET")&inform(to_street="*STREET")&inform(from_borough="*BOROUGH")&inform(task="find_connection")
1	can i get an alternate route	null()
1	can i get an alternative at *NUMBER in the *AMPM	inform(time="*TIME")&inform(ampm="*AMPM")
1	can i get another schedule	inform(task="find_connection")&reqalts()
1	can i get a ride at *NUMBER *AMPM	inform(time="*TIME")&inform(ampm="*AMPM")
1	can i get a ride at *NUMBER in the *AMPM and i want to go by *VEHICLE	inform(departure_time="*DEPARTURE_TIME")&inform(ampm="*AMPM")&inform(vehicle="*VEHICLE")&inform(task="find_connection")
1	can i get a schedule at *NUMBER *AMPM	inform(departure_time="*DEPARTURE_TIME")&inform(ampm="*AMPM")&inform(task="find_connection")
1	can i get a *VEHICLE	inform(vehicle="*VEHICLE")
1	can i get information about a connection at *NUMBER *AMPM	inform(departure_time="*DEPARTURE_TIME")&inform(ampm="*AMPM")&inform(task="find_connection")
1	can i get	null()
1	can i get the weather forecast and the time in *BOROUGH	inform(in_borough="*BOROUGH")&inform(task="weather")&request(current_time="*CURRENT_TIME")
1	can i get the weather forecast	inform(task="weather")
2	can i go by *VEHICLE	inform(vehicle="*VEHICLE")
1	can i go from *STOP from *STREET in *CITY	inform(from_street="*STREET")&inform(from_stop="*STOP")&inform(from_city="*CITY")
1	can i go from *STOP to *STOP	inform(from_stop="*STOP")&inform(to_stop="*STOP")
1	can i go from *STOP to *STREET	inform(to_street="*STREET")&inform(from_stop="*STOP")
1	can i go to *STREET	inform(to_street="*STREET")
2	can i have a schedule	inform(task="find_connection")
1	can i how about if i leave at *NUMBER *AMPM	inform(time="*TIME")&inform(ampm="*AMPM")
1	could i get a *VEHICLE route at *NUMBER in the *AMPM	inform(time="*TIME")&inform(ampm="*AMPM")&inform(vehicle="*VEHICLE")
1	could i get the duration	request(duration)
1	do i want to go to *CITY no	inform(to_city="*CITY")&negate()&inform(task="find_connection")
1	no i do not want to go to *CITY i want to go to *STOP	inform(to_stop="*STOP")&inform(to_city="*CITY")&negate()&inform(task="find_connection")
1	no i don't want *CITY	inform(city="*CITY")&negate()
1	no i	negate()
1	no i want a ride outside the *CITY	inform(city="*CITY")&negate()
1	no i want a *VEHICLE option	inform(vehicle="*VEHICLE")&negate()
1	no i want to arrive at *STOP	inform(to_stop="*STOP")&negate()
2	no i want to arrive at *STREET	inform(to_street="*STREET")&negate()
1	no i want to arrive at the *STREET	inform(to_street="*STREET")&negate()
3	no i want to depart from *STREET	confirm(from_street="*STREET")&negate()
1	no i want to go from *STREET	inform(from_street="*STREET")&negate()&inform(task="find_connection")
1	no i want to go from *STREET to	inform(from_street="*STREET")&negate()&inform(task="find_connection")
1	no i want to go from *STREET to *STREET	inform(from_street="*STREET")&inform(to_street="*STREET")&negate()&inform(task="find_connection")
1	no i want to go from the *STREET	inform(from_street="*STREET")&negate()&inform(task="find_connection")
2	no i want to go to *STOP	inform(to_stop="*STOP")&negate()&inform(task="find_connection")
2	no i want to go to *STREET	inform(to_street="*STREET")&negate()&inform(task="find_connection")
1	no i would like my destination to be *STOP	inform(to_stop="*STOP")&negate()
1	no i would like to go to *STOP	inform(to_stop="*STOP")&negate()&inform(task="find_connection")
1	no i would like to go to *STREET	inform(to_street="*STREET")&negate()&inform(task="find_connection")
1	no i would like to travel to *STOP	inform(to_stop="*STOP")&negate()
1	ok i want to go to mcdonald's	ack()&inform(task="find_connection")
1	ok i want to go to *STREET	inform(to_street="*STREET")&ack()&inform(task="find_connection")
1	ok i would like to go to *STREET	inform(to_street="*STREET")&ack()&inform(task="find_connection")
1	so i want to find a connection from *STREET	inform(from_street="*STREET")&inform(task="find_connection")
1	sorry i couldn't hear you	null()
1	sorry i didn't catch you	null()
1	then i would like to get a *NUMBER o'clock travel to *STOP	inform(to_stop="*STOP")&inform(arrival_time="*ARRIVAL_TIME")&inform(task="find_connection")
1	then i would like to go to prince str-	inform(task="find_connection")
1	um i would like connection to	inform(task="find_connection")
1	um i would like	null()
1	when i reach my destination what will the time and weather be	inform(task="weather")
1	yeah i do want to depart from *STREET	confirm(from_street="*STREET")&affirm()
1	yeah i need to find a connection from *STREET *BOROUGH to *STREET	inform(from_street="*STREET")&inform(to_street="*STREET")&inform(from_borough="*BOROUGH")&inform(task="find_connection")&affirm()
1	yep i do	null()
1	yes i am leaving from *STREET and i would like to get to *STREET	inform(from_street="*STREET")&inform(to_street="*STREET")&affirm()&inform(task="find_connection")
1	yes i am still here can we take the *VEHICLE 	inform(vehicle="*VEHICLE")&affirm()
1	yes i am travelling from *STREET to *STREET	inform(from_street="*STREET")&inform(to_street="*STREET")&affirm()
2	yes i do	affirm()
1	yes i like to travel to *STREET	inform(to_street="*STREET")&affirm()
1	yes i need a connection a *VEHICLE connection from *STOP to *STOP	inform(from_stop="*STOP")&inform(to_stop="*STOP")&inform(vehicle="*VEHICLE")&inform(task="find_connection")&affirm()
1	yes i need a ride from *STREET to *STOP	inform(from_street="*STREET")&inform(to_stop="*STOP")&affirm()
1	yes i need a *VEHICLE connection from *STOP to the *STOP	inform(from_stop="*STOP")&inform(to_stop="*STOP")&inform(vehicle="*VEHICLE")&inform(task="find_connection")&affirm()
1	yes i need directions to *STREET	inform(to_street="*STREET")&inform(task="find_connection")&affirm()
1	yes i understand	affirm()&ack()
1	yes i want to depart from *STREET	confirm(from_street="*STREET")&affirm()
1	yes i want to depart from *STREET yes	confirm(from_street="*STREET")&affirm()
1	yes i want to find a connection from *STREET *BOROUGH to *STREET	inform(from_street="*STREET")&inform(to_street="*STREET")&inform(from_borough="*BOROUGH")&inform(task="find_connection")&affirm()
1	yes i want to find a *VEHICLE connection from *STOP to the *STOP	inform(from_stop="*STOP")&inform(to_stop="*STOP")&inform(vehicle="*VEHICLE")&inform(task="find_connection")&affirm()
1	yes i want to go from *STREET to *STREET on the *VEHICLE	inform(from_street="*STREET")&inform(to_street="*STREET")&inform(vehicle="*VEHICLE")&affirm()&inform(task="find_connection")
1	yes i want to go to the *STREET and depart from *STREET	inform(to_street="*STREET")&confirm(from_street="*STREET")&affirm()&inform(task="find_connection")
1	yes i woul-	affirm()
2	yes i would like	affirm()
1	yes i would like a *VEHICLE connection from *STREET *BOROUGH to *STREET and *STREET at *NUMBER *AMPM	inform(from_street="*STREET")&inform(to_street="*STREET")&inform(to_street2="*STREET")&inform(from_borough="*BOROUGH")&inform(departure_time="*DEPARTURE_TIME")&inform(ampm="*AMPM")&inform(vehicle="*VEHICLE")&inform(task="find_connection")&affirm()
1	yes i would like to go from *STOP to gra-	inform(from_stop="*STOP")&affirm()&inform(task="find_connection")
2	yes i would like to go from *STREET to *STOP	inform(from_street="*STREET")&inform(to_stop="*STOP")&affirm()&inform(task="find_connection")
1	yes i would like to know when i could catch the next transportation from *STOP	inform(from_stop="*STOP")&affirm()&inform(alternative="next")
1	yes i would like to leave later at *NUMBER *AMPM	inform(time="*TIME")&inform(ampm="*AMPM")&affirm()
1	yes i would like to leave *STREET and travel to *STOP	inform(from_street="*STREET")&inform(to_stop="*STOP")&affirm()
1	yes i would like to ride from *STREET to *STOP	inform(from_street="*STREET")&inform(to_stop="*STOP")&affirm()
1	yes i would like to take the *VEHICLE	inform(vehicle="*VEHICLE")&affirm()
1	yes i would like to travel from *STREET and go to *STOP	inform(from_street="*STREET")&inform(to_stop="*STOP")&affirm()
1	yes i would like to travel from *STREET to *STOP	inform(from_street="*STREET")&inform(to_stop="*STOP")&affirm()
1	yes i would like to travel from *STREET to *STREET 	inform(from_street="*STREET")&inform(to_street="*STREET")&affirm()
1	yes i would like to travel from *STREET to *STREET	inform(from_street="*STREET")&inform(to_street="*STREET")&affirm()
1	and i'd like to know how	null()
1	okay i'd like to take the *VEHICLE	inform(vehicle="*VEHICLE")&ack()
1	yes i'd like details on a trip from *STREET to *STOP	inform(from_street="*STREET")&inform(to_stop="*STOP")&affirm()
1	yes i'd like public transit from *STOP to *STOP	inform(from_stop="*STOP")&inform(to_stop="*STOP")&affirm()
1	yes i'd like to go from *STOP to *STOP	inform(from_stop="*STOP")&inform(to_stop="*STOP")&affirm()&inform(task="find_connection")
1	yes i'd like to travel from *STREET to *STREET	inform(from_street="*STREET")&inform(to_street="*STREET")&affirm()
1	yes i'd like transportation	affirm()
1	alright if i go by *VEHICLE	inform(vehicle="*VEHICLE")
1	alright if	null()
1	what if i leave at *NUMBER *AMPM	inform(time="*TIME")&inform(ampm="*AMPM")
1	what if i want to go instead to *STOP	inform(to_stop="*STOP")&inform(task="find_connection")
1	what if my destination stop is *STOP	inform(to_stop="*STOP")&request(to_stop="*STOP")
1	and i'm going to *STREET	inform(to_street="*STREET")
1	dominic i'm looking for a connection	inform(task="find_connection")
28	hi i'm looking for a connection	inform(task="find_connection")&hello()
1	hi i'm looking for a *VEHICLE connection from *STOP to the *STOP please	inform(from_stop="*STOP")&inform(to_stop="*STOP")&inform(vehicle="*VEHICLE")&inform(task="find_connection")&hello()
1	no i'm departing from *STREET and i'm going to *STREET	inform(from_street="*STREET")&inform(to_street="*STREET")&negate()
1	yes i'm looking for a connection	inform(task="find_connection")&affirm()
1	yes i'm looking for transportation from *STREET to	inform(from_street="*STREET")&affirm()
2	connection in *NUMBER an hour	inform(departure_time_rel="*DEPARTURE_TIME_REL")&inform(task="find_connection")
1	connection in *NUMBER minutes	inform(departure_time_rel="*DEPARTURE_TIME_REL")&inform(task="find_connection")
1	depart in *NUMBER minutes	inform(time_rel="*TIME_REL")
1	forecast in *CITY *STATE	inform(in_city="*CITY")&inform(in_state="*STATE")
1	no in *CITY	inform(in_city="*CITY")&negate()
2	*STREET in *BOROUGH	inform(from_street="*STREET")&inform(in_borough="*BOROUGH")
1	*STREET in *BOROUGH to *STREET	inform(from_street="*STREET")&inform(to_street="*STREET")&inform(in_borough="*BOROUGH")
1	time in *CITY *CITY	inform(in_city="*CITY")&inform(in_state="*STATE")
1	weather in *CITY *CITY	inform(in_city="*CITY")&inform(to_city="*CITY")&inform(task="weather")
2	weather in *CITY	inform(in_city="*CITY")&inform(task="weather")
1	weather in south arkana	inform(task="weather")
3	*AMPM	inform(ampm="*AMPM")
23	*BOROUGH	inform(borough="*BOROUGH")
1	*CITY 	inform(city="*CITY")
44	*CITY	inform(city="*CITY")
1	*DATE_REL	inform(date_rel="*DATE_REL")
14	*CITY	inform(state="*STATE")
11	*STATE	inform(state="*STATE")
65	*STOP	inform(stop="*STOP")
2	*STREET 	inform(street="*STREET")
230	*STREET	inform(street="*STREET")
1	connection 	inform(task="find_connection")
2	connection	inform(task="find_connection")
1	directions	inform(task="find_connection")
2	weather	inform(task="weather")
1	*VEHICLE	inform(vehicle="*VEHICLE")
1	*CITY is incorrect i want to depart from	inform(city="*CITY")
1	destination is *STOP	inform(to_stop="*STOP")
1	destination is *STREET	inform(to_street="*STREET")
1	no is 	negate()
1	no is	negate()
1	no is there a later arrival	negate()
1	no is there an option at *NUMBER *AMPM	deny(time="*TIME")&inform(ampm="*AMPM")&negate()
1	no is there a schedule at *NUMBER *AMPM	deny(time="*TIME")&inform(ampm="*AMPM")&inform(task="find_connection")&negate()
1	*STREET is not in *BOROUGH you idiot it's i-	inform(to_street="*STREET")&deny(in_borough="*BOROUGH")&negate()
2	that is all	bye()
2	that is correct	affirm()&ack()
1	this is a trip	null()
1	this is not working	negate()
1	time is the arrival	null()
1	what is duration	request(duration)
1	what is is it	null()
3	what is my arrival time	request(arrival_time="*ARRIVAL_TIME")
1	what is the arrival time at my destination	request(to_stop="*STOP")&request(arrival_time="*ARRIVAL_TIME")
1	what is the arrival time at the destination	request(arrival_time="*ARRIVAL_TIME")
4	what is the arrival time	request(arrival_time="*ARRIVAL_TIME")
1	what is the code for this phone *CITY	null()
1	what is the connection for *STREET *BOROUGH to *STREET	inform(from_street="*STREET")&inform(to_street="*STREET")&inform(in_borough="*BOROUGH")&inform(task="find_connection")
1	what is the connection from *STREET in *BOROUGH to *STREET how long does it take number of transfers hello *STREET in *BOROUGH to *STREET	inform(from_street="*STREET")&inform(to_street="*STREET")&inform(from_borough="*BOROUGH")&inform(in_borough="*BOROUGH")&inform(task="find_connection")&hello()&request(num_transfers)&request(duration)
5	what is the connection	inform(task="find_connection")
2	what is the connection in *NUMBER an hour	inform(departure_time_rel="*DEPARTURE_TIME_REL")&inform(task="find_connection")
12	what is the distance of the trip	request(distance)
1	what is the distance of this trip	request(distance)
3	what is the distance	request(distance)
1	what is the duration and arrival time	request(arrival_time="*ARRIVAL_TIME")&request(duration)
1	what is the duration of that	request(duration)
1	what is the duration of the distance of the trip	request(duration)&request(distance)
1	what is the duration of the journey and the arrival time at my destination	request(to_stop="*STOP")&request(arrival_time="*ARRIVAL_TIME")&request(duration)
11	what is the duration of the trip	request(duration)
4	what is the duration of this trip	request(duration)
11	what is the duration	request(duration)
1	what is the how long is that trip	request(duration)&request(distance)
1	what is the nearest uh station	null()
1	what is the next connection from *STOP	inform(from_stop="*STOP")&inform(task="find_connection")&inform(alternative="next")
4	what is the next connection	inform(task="find_connection")&inform(alternative="next")
1	what is the	null()
2	what is the number of transfers	request(num_transfers)
1	what is the time in *BOROUGH	inform(in_borough="*BOROUGH")&request(current_time="*CURRENT_TIME")
1	what is the time in *CITY	inform(in_city="*CITY")&request(current_time="*CURRENT_TIME")
1	what is the time needed and the arrival time	request(arrival_time="*ARRIVAL_TIME")&request(duration)
3	what is the time	request(current_time="*CURRENT_TIME")
1	what is the travel time	request(duration)
1	what is the weather and time	inform(task="weather")
1	what is the weather and time right *TIME in *CITY *CITY	inform(in_city="*CITY")&inform(to_city="*CITY")&inform(time_rel="*TIME_REL")&inform(task="weather")
1	what is the weather forecast and time in *CITY *CITY	inform(in_city="*CITY")&inform(in_state="*STATE")&inform(task="weather")
1	what is the weather forecast and time in *CITY *STATE	inform(in_city="*CITY")&inform(in_state="*STATE")&inform(task="weather")
1	what is the weather forecast in *BOROUGH *CITY	inform(in_borough="*BOROUGH")&inform(in_city="*CITY")&inform(task="weather")
4	what is the weather forecast in *BOROUGH	inform(in_borough="*BOROUGH")&inform(task="weather")
1	what is the weather forecast in *CITY *CITY	inform(in_city="*CITY")&inform(to_city="*CITY")&inform(task="weather")
1	what is the weather forecast in *CITY	inform(in_city="*CITY")&inform(task="weather")
11	what is the weather forecast	inform(task="weather")
1	what is the weather forecast of *CITY *DATE_REL	inform(city="*CITY")&inform(date_rel="*DATE_REL")&inform(task="weather")
1	what is the weather going	inform(task="weather")
1	what is the weather going to be like	inform(task="weather")
3	what is the weather in *BOROUGH	inform(in_borough="*BOROUGH")&inform(task="weather")
1	what is the weather in *CITY *CITY	inform(in_city="*CITY")&inform(in_state="*STATE")&inform(task="weather")
1	what is the weather in *CITY *CITY	inform(in_city="*CITY")&inform(to_city="*CITY")&inform(task="weather")
1	what is the weather in *CITY	inform(in_city="*CITY")&inform(task="weather")
1	what is the weather in *CITY *STATE	inform(in_city="*CITY")&inform(in_state="*STATE")&inform(task="weather")
5	what is the weather	inform(task="weather")
1	what is the weather in	inform(task="weather")
1	what is the weather in mckinley *STATE	inform(in_state="*STATE")&inform(task="weather")
1	what is the weather like in *BOROUGH	inform(in_borough="*BOROUGH")&inform(task="weather")
1	what is the weather like in *CITY *CITY	inform(in_city="*CITY")&inform(in_state="*STATE")&inform(task="weather")
1	what is the weather like in *CITY *CITY	inform(in_city="*CITY")&inform(to_city="*CITY")&inform(task="weather")
14	what is the weather like in *CITY	inform(in_city="*CITY")&inform(task="weather")
1	what is the weather like in *CITY *STATE	inform(in_city="*CITY")&inform(in_state="*STATE")&inform(task="weather")
9	what is the weather like	inform(task="weather")
1	what is the weather like in	inform(task="weather")
1	what is the weather like in *STOP	inform(to_stop="*STOP")&inform(task="weather")
1	what is traffic like	null()
1	what is weather	inform(task="weather")
1	what is your destination	request(to_stop="*STOP")
1	when is the arrival time	request(arrival_time="*ARRIVAL_TIME")
2	when is the next connection	inform(task="find_connection")&request(departure_time="*DEPARTURE_TIME")&inform(alternative="next")
1	where is the next connection	inform(task="find_connection")&inform(alternative="next")
1	that's it	null()
1	transit itinerary departing from *STREET with a destination of *STREET	inform(from_street="*STREET")&inform(to_street="*STREET")&inform(task="find_connection")
1	transit itinerary from *STREET	inform(from_street="*STREET")&inform(task="find_connection")
1	transit itinerary from *STREET to *STREET	inform(from_street="*STREET")&inform(to_street="*STREET")&inform(task="find_connection")
1	i'm leaving from *STOP and heading towards *STOP *STOP to *STOP thank you goodbye hello i'm leaving from *STOP and i'm heading to *STOP 	inform(from_stop="*STOP")&inform(from_stop="*STOP")&inform(to_stop="*STOP")&hello()&bye()&thankyou()&inform(task="find_connection")
1	id like to find a *VEHICLE connection please	inform(vehicle="*VEHICLE")&inform(task="find_connection")
1	i'd like a subsequent schedule please	inform(task="find_connection")
1	i'd like a *VEHICLE connection from *STREET *BOROUGH to *STREET and *STREET	inform(from_street="*STREET")&inform(to_street="*STREET")&inform(to_street2="*STREET")&inform(from_borough="*BOROUGH")&inform(vehicle="*VEHICLE")&inform(task="find_connection")
1	i'd like it from *STOP to the	inform(from_stop="*STOP")
1	i'd like to depart from *STREET	confirm(from_street="*STREET")
1	i'd like to find a *VEHICLE connection from *STREET *BOROUGH to *STREET and *STREET	inform(from_street="*STREET")&inform(to_street="*STREET")&inform(to_street2="*STREET")&inform(from_borough="*BOROUGH")&inform(vehicle="*VEHICLE")&inform(task="find_connection")
1	i'd like to find out connection at *NUMBER *AMPM	inform(departure_time="*DEPARTURE_TIME")&inform(ampm="*AMPM")&inform(task="find_connection")
1	i'd like to get a connection from *STREET *BOROUGH to	inform(from_street="*STREET")&inform(from_borough="*BOROUGH")&inform(task="find_connection")
1	i'd like to go for a trip from *STOP to *STREET	inform(to_street="*STREET")&inform(from_stop="*STOP")&inform(task="find_connection")
1	i'd like to go from *STOP to the	inform(from_stop="*STOP")&inform(task="find_connection")
1	i'd like to leave at *NUMBER *AMPM	inform(time="*TIME")&inform(ampm="*AMPM")
1	i'd like to	null()
1	would like to find a certain building	null()
1	*VEHICLE line	inform(vehicle="*VEHICLE")
1	how long does it take how much	request(duration)
40	how long does it take	request(duration)
1	how long does it take to get there	request(duration)
1	how long does it take to ride	request(duration)
1	how long does that take 	request(duration)
3	how long does that take	request(duration)
1	how long does the trip take	request(duration)
2	how long for travel	request(duration)
1	how long is it going to take	request(duration)
1	how long is it how many transfers and what is the distance of	request(num_transfers)&request(distance)
1	how long is it	request(distance)
1	how long is that trip	request(duration)&request(distance)
1	how long is the duration of this trip	request(duration)
2	how long is the duration	request(duration)
1	how long is the ride	request(distance)
1	how long is the t-	request(distance)
14	how long is the trip	request(duration)&request(distance)
3	how long	request(distance)
1	how long the trip will take	request(duration)
1	how long will i be traveling	request(distance)
2	how long will it take and what time will i arrive	request(arrival_time="*ARRIVAL_TIME")&request(duration)
1	how long will it take and what time will i get to the destination	request(arrival_time="*ARRIVAL_TIME")&request(duration)
3	how long will it take me to get there	request(duration)
26	how long will it take	request(duration)
1	how long will it take to get from *STOP to the *STOP	inform(from_stop="*STOP")&inform(to_stop="*STOP")&request(duration)
1	how long will it take to get there on the *VEHICLE	inform(vehicle="*VEHICLE")&request(duration)
8	how long will it take to get there	request(duration)
1	how long will it take to get to my destination	request(duration)
1	how long will it take to get to *STOP	inform(to_stop="*STOP")&request(duration)
1	how long will it take to get to *STOP to	inform(to_stop="*STOP")&request(duration)
1	how long will it take to get to *STREET from *STREET	inform(to_street="*STREET")&inform(from_street="*STREET")&request(duration)
1	how long will it take to get to the destination and what time will i get there	request(arrival_time="*ARRIVAL_TIME")&request(duration)
1	how long will it take to get to the destination and what time will you get there	request(arrival_time="*ARRIVAL_TIME")&request(duration)
2	how long will it take to get to the destination	request(duration)
1	how long will it take to go from *STOP to *STOP by *VEHICLE	inform(from_stop="*STOP")&inform(to_stop="*STOP")&inform(vehicle="*VEHICLE")&request(duration)
1	how long will it take to go from *STREET to *STREET	inform(from_street="*STREET")&inform(to_street="*STREET")&request(duration)
1	how long will it take to reach the destination	request(duration)
1	how long will it take to re-	request(duration)
1	how long will it take when will i be there	request(arrival_time="*ARRIVAL_TIME")&request(duration)
1	how long will it t-	request(distance)
9	how long will that take	request(duration)
1	how long will that trip take	request(duration)
1	how long will the journey take and when will i get there	request(arrival_time="*ARRIVAL_TIME")&request(duration)
1	how long will the journey take	request(duration)
1	how long will the ride be	request(distance)
3	how long will the ride take	request(duration)
2	how long will the trip take	request(duration)
1	how long would it take	request(duration)
2	im looking for a connection	inform(task="find_connection")
1	i'm looking for a connection from *STREET *BOROUGH to *STREET	inform(from_street="*STREET")&inform(to_street="*STREET")&inform(from_borough="*BOROUGH")&inform(task="find_connection")
10	i'm looking for a connection	inform(task="find_connection")
1	i'm looking for an itinerary	inform(task="find_connection")
1	i'm looking for a *NUMBER *AMPM connection	inform(departure_time="*DEPARTURE_TIME")&inform(ampm="*AMPM")&inform(task="find_connection")
1	i'm looking for a public transit route from *STOP to *STREET	inform(to_street="*STREET")&inform(from_stop="*STOP")
1	i'm looking for a *VEHICLE connection from *STREET *BOROUGH to *STREET and *STREET	inform(from_street="*STREET")&inform(to_street="*STREET")&inform(to_street2="*STREET")&inform(from_borough="*BOROUGH")&inform(vehicle="*VEHICLE")&inform(task="find_connection")
1	i'm looking for a walmart	null()
1	i'm looking i want to find a connection from *STREET *BOROUGH to *STREET	inform(from_street="*STREET")&inform(to_street="*STREET")&inform(from_borough="*BOROUGH")&inform(task="find_connection")
1	*STREET man	inform(street="*STREET")
1	how many minutes do i	request(departure_time_rel="*DEPARTURE_TIME_REL")
1	how many transfers and distance of this trip	request(num_transfers)&request(distance)
1	how many transfers and the distance of this trip	request(num_transfers)&request(distance)
1	how many transfers and what is the distance of the trip	request(num_transfers)&request(distance)
22	how many transfers are there	request(num_transfers)
10	how many transfers	request(num_transfers)
1	how many transfers will there be	request(num_transfers)
1	give me a *CITY *CITY	inform(city="*CITY")
1	give me a connection from *STOP to *STOP	inform(from_stop="*STOP")&inform(to_stop="*STOP")&inform(task="find_connection")
1	give me the dial up code validation	null()
1	give me the number of transfers	request(num_transfers)
1	*NUMBER minutes from *TIME	inform(time="*TIME")&inform(time_rel="*TIME_REL")
1	*NUMBER minutes	inform(time="*TIME")
1	this mother fucking dog was just downstairs	null()
3	how much time does it take	request(duration)
1	how much time does that take	request(duration)
1	how much time is needed and what is the arrival time	request(arrival_time="*ARRIVAL_TIME")&request(duration)
1	how much time is needed for the journey and	request(duration)
1	how much time is needed for the ride	request(duration)
2	how much time is needed	request(duration)
1	how much time will it take	request(duration)
1	change my destination to *STOP	inform(to_stop="*STOP")
1	ok my destination is *TIME *STOP	inform(to_stop="*STOP")&inform(time_rel="*TIME_REL")&ack()
1	what's my arrival time	request(arrival_time="*ARRIVAL_TIME")
1	i need a connection at *NUMBER *AMPM	inform(departure_time="*DEPARTURE_TIME")&inform(ampm="*AMPM")&inform(task="find_connection")
1	i need a connection by *VEHICLE	inform(vehicle="*VEHICLE")&inform(task="find_connection")
4	i need a connection from *STREET *BOROUGH to *STREET	inform(from_street="*STREET")&inform(to_street="*STREET")&inform(from_borough="*BOROUGH")&inform(task="find_connection")
1	i need a connection	inform(task="find_connection")
1	i need a connection in *NUMBER minutes	inform(departure_time_rel="*DEPARTURE_TIME_REL")&inform(task="find_connection")
1	i need a dialogue code verification failed	null()
1	i need a *NUMBER *AMPM	inform(time="*TIME")&inform(ampm="*AMPM")
1	i need a public transit route from departing from *STREET	inform(from_street="*STREET")
1	i need a public transit route from *STREET to *STREET	inform(from_street="*STREET")&inform(to_street="*STREET")
1	i need a pub- public transit leaving from *STOP	inform(from_stop="*STOP")
1	i need a ride at *NUMBER *AMPM	inform(time="*TIME")&inform(ampm="*AMPM")
1	i need a ride from *STREET to *STOP	inform(from_street="*STREET")&inform(to_stop="*STOP")
1	i need a route starting from *STREET destination *STOP	inform(from_street="*STREET")&inform(to_stop="*STOP")
1	i need a trip going from *STREET to *STREET	inform(from_street="*STREET")&inform(to_street="*STREET")
1	i need a *VEHICLE connection from *STOP *STOP	inform(from_stop="*STOP")&inform(to_stop="*STOP")&inform(vehicle="*VEHICLE")&inform(task="find_connection")
1	i need a *VEHICLE connection from *STOP to *STOP	inform(from_stop="*STOP")&inform(to_stop="*STOP")&inform(vehicle="*VEHICLE")&inform(task="find_connection")
1	i need a *VEHICLE connection from *STOP to the *STOP	inform(from_stop="*STOP")&inform(to_stop="*STOP")&inform(vehicle="*VEHICLE")&inform(task="find_connection")
3	i need a *VEHICLE connection from *STREET *BOROUGH to *STREET and *STREET	inform(from_street="*STREET")&inform(to_street="*STREET")&inform(to_street2="*STREET")&inform(from_borough="*BOROUGH")&inform(vehicle="*VEHICLE")&inform(task="find_connection")
5	i need a *VEHICLE connection	inform(vehicle="*VEHICLE")&inform(task="find_connection")
1	i need a weather forecast for	inform(task="weather")
1	i need directions	inform(task="find_connection")
1	i need information about a *NUMBER o'clock ride but	inform(time="*TIME")
1	i need -tation route departing from *STREET	inform(from_street="*STREET")
1	i need the distance of the trip	request(distance)
1	i need the time requirements for a *VEHICLE connection from *STOP to the *STOP	inform(from_stop="*STOP")&inform(to_stop="*STOP")&inform(vehicle="*VEHICLE")&inform(task="find_connection")&request(duration)
1	i need the weather and forecast	inform(task="weather")
1	i need to find a connection from *STREET *BOROUGH	inform(from_street="*STREET")&inform(from_borough="*BOROUGH")&inform(task="find_connection")
6	i need to find a connection from *STREET *BOROUGH to *STREET	inform(from_street="*STREET")&inform(to_street="*STREET")&inform(from_borough="*BOROUGH")&inform(task="find_connection")
1	i need to find a connection from *STREET queen	inform(from_street="*STREET")&inform(task="find_connection")
2	i need to find a connection	inform(task="find_connection")
1	i need to find a connection to *STREET *BOROUGH to *STREET	inform(to_street="*STREET")&inform(to_street2="*STREET")&inform(to_borough="*BOROUGH")&inform(task="find_connection")
1	i need to find a *VEHICLE connection from *STREET *BOROUGH	inform(from_street="*STREET")&inform(from_borough="*BOROUGH")&inform(vehicle="*VEHICLE")&inform(task="find_connection")
1	i need to find a *VEHICLE connection from *STREET *BOROUGH to	inform(from_street="*STREET")&inform(from_borough="*BOROUGH")&inform(vehicle="*VEHICLE")&inform(task="find_connection")
1	i need to find a *VEHICLE connection from *STREET to *BOROUGH	inform(from_street="*STREET")&inform(to_borough="*BOROUGH")&inform(vehicle="*VEHICLE")&inform(task="find_connection")
1	i need to find a *VEHICLE connection	inform(vehicle="*VEHICLE")&inform(task="find_connection")
1	i need to find out about a transit schedule i wanna go from *STREET to *STREET wanna know how long it would take and what *VEHICLE that would be on and an alternative for *NUMBER in the *AMPM going to *STREET	inform(from_street="*STREET")&inform(to_street="*STREET")&inform(to_street2="*STREET")&inform(ampm="*AMPM")&inform(vehicle="*VEHICLE")&inform(task="find_connection")&request(duration)
1	i need to find out about a *VEHICLE connection	inform(vehicle="*VEHICLE")&inform(task="find_connection")
1	i need to find out the connection in *NUMBER minutes	inform(departure_time_rel="*DEPARTURE_TIME_REL")&inform(task="find_connection")
1	i need to find the *VEHICLE connection from *STOP to *STOP	inform(from_stop="*STOP")&inform(to_stop="*STOP")&inform(vehicle="*VEHICLE")&inform(task="find_connection")
1	i need to get from *STREET to *STREET	inform(from_street="*STREET")&inform(to_street="*STREET")
1	i need to go from *STOP to *STREET	inform(to_street="*STREET")&inform(from_stop="*STOP")
1	i need to go from *STREET to *STREET and *NUMBER second	inform(from_street="*STREET")&inform(to_street="*STREET")
13	i need to go from *STREET to *STREET	inform(from_street="*STREET")&inform(to_street="*STREET")
1	i need to go to *STOP	inform(to_stop="*STOP")
1	i need to know about trips starting from *STREET and going to *STOP	inform(from_street="*STREET")&inform(to_stop="*STOP")
1	i need to know how to depart from *STREET and finish at *STREET	confirm(from_street="*STREET")&inform(from_street2="*STREET")
1	i need to know how to start from *STOP and get to *STOP	inform(from_stop="*STOP")&inform(to_stop="*STOP")
1	i need to know the duration of the trip and find out connection at *NUMBER *AMPM	inform(departure_time="*DEPARTURE_TIME")&inform(ampm="*AMPM")&inform(task="find_connection")&request(duration)
1	i need to know the duration of the trip	request(duration)
2	i need to leave at *NUMBER in the *AMPM	inform(time="*TIME")&inform(ampm="*AMPM")
1	i need to make a connection	inform(task="find_connection")
1	time needed	request(duration)
1	no 	negate()
87	no	negate()
1	no no no i would like to leave at *NUMBER	deny(time="*TIME")&negate()
1	there's no connection from co- *CITY to *STREET	inform(to_street="*STREET")&inform(from_city="*CITY")&inform(task="find_connection")&negate()
1	i'm not sure	affirm()&negate()
1	uh 	null()
1	alright	null()
1	alternate	null()
1	any	null()
1	bike	null()
2	city	null()
1	clearly	null()
1	cold	null()
1	connections	null()
1	delancey	null()
5	duration	null()
1	eta	null()
1	from	null()
1	it	null()
1	kay	null()
1	mcdonalds	null()
2	na	null()
13	none	null()
6	*NUMBER	null()
1	path	null()
1	route	null()
1	stop	null()
5	street	null()
1	tcu	null()
1	the	null()
4	time	null()
1	to	null()
1	transit	null()
2	what	null()
1	duration number of transfers and distance	request(num_transfers)&request(distance)
1	a *NUMBER o clock *VEHICLE	inform(vehicle="*VEHICLE")
1	at *NUMBER *AMPM	inform(time="*TIME")&inform(ampm="*AMPM")
1	at *NUMBER *NUMBER	inform(time="*TIME")
1	for *NUMBER *AMPM	inform(time="*TIME")&inform(ampm="*AMPM")
1	in *NUMBER an hour	inform(time_rel="*TIME_REL")
1	in *NUMBER minutes	inform(time_rel="*TIME_REL")
1	no *NUMBER *AMPM	deny(time="*TIME")&inform(ampm="*AMPM")&negate()
1	yes *NUMBER *AMPM	inform(time="*TIME")&inform(ampm="*AMPM")&affirm()
1	c o l u m b u s	null()
1	*NUMBER o'clock from	inform(time="*TIME")
3	*NUMBER o'clock	inform(time="*TIME")
7	distance of the trip	request(distance)
1	distance of trip	request(distance)
1	duration of journey	null()
1	duration of time	null()
1	duration of trip	null()
1	end of discussion thank you good bye	bye()&thankyou()
1	instead of going to *STOP i'd like to g-	inform(to_stop="*STOP")
1	number of	null()
1	number of transfers and distance of the trip	request(num_transfers)&request(distance)
10	number of transfers	request(num_transfers)
1	time of arrival	request(arrival_time="*ARRIVAL_TIME")
1	i'm on the phone	null()
1	it on our website	null()
1	ride on the *VEHICLE from delancey to *STREET	inform(to_street="*STREET")&inform(vehicle="*VEHICLE")
1	um ooh-	null()
1	transit options	null()
7	start over	restart()
1	-edral parkway	null()
1	-thedral parkway	null()
1	repeat please	repeat()
1	no port authority to *STREET	inform(to_street="*STREET")&negate()
1	i prefer to take the *VEHICLE	inform(vehicle="*VEHICLE")
1	*STREET queen	inform(street="*STREET")
1	i rather take the *VEHICLE	inform(vehicle="*VEHICLE")
1	i'd rather use	null()
2	i'd rather use the *VEHICLE	inform(vehicle="*VEHICLE")
3	repeat	repeat()
2	distance	request(distance)
1	time requirement for a *VEHICLE connection	inform(vehicle="*VEHICLE")&inform(task="find_connection")&request(duration)
1	time requirement	request(duration)
1	time requirements and next connection	inform(task="find_connection")&request(duration)&inform(alternative="next")
3	time requirements	request(duration)
1	reset	restart()
1	the same as *STREET no	inform(street="*STREET")&negate()
1	i'm saying i want to go to *STREET and i know i want to know how long it will take	inform(to_street="*STREET")&inform(task="find_connection")&request(duration)
1	transit schedule from *STOP to *STREET	inform(to_street="*STREET")&inform(from_stop="*STOP")&inform(task="find_connection")
1	transit schedule	inform(task="find_connection")
1	modify search	null()
2	the second option	inform(alternative="2")
1	to seventh and *STREET	inform(to_street="*STREET")
1	*CITY st-	inform(city="*CITY")
1	no start over	negate()&restart()
1	pire state building	null()
1	the state of *STATE	inform(state="*STATE")
2	city *STATE	null()
7	*CITY *STATE	inform(city="*CITY")&inform(state="*STATE")
1	the station at *STREET	inform(street="*STREET")
1	what stations are there	null()
1	i'm still here	null()
1	departure stop *STOP	inform(stop="*STOP")
1	okay stop	ack()
1	okay stop talking	ack()&restart()
1	-bella *STOP to *STREET	inform(to_street="*STREET")&inform(from_stop="*STOP")
1	from *STOP to a the *STOP	inform(from_stop="*STOP")&inform(to_stop="*STOP")
2	from *STOP to *STOP	inform(from_stop="*STOP")&inform(to_stop="*STOP")
2	from *STOP to *STREET	inform(to_street="*STREET")&inform(from_stop="*STOP")
2	no *STOP	inform(stop="*STOP")&negate()
4	the *STOP	inform(stop="*STOP")
2	to *STOP	inform(to_stop="*STOP")
1	um *STOP to *STREET	inform(to_street="*STREET")&inform(from_stop="*STOP")
1	*CITY street	inform(city="*CITY")
1	delan- street	null()
1	grind street	null()
1	-klin street and going to *STOP	inform(to_stop="*STOP")
7	*NUMBER street	null()
1	*BOROUGH *STREET to *STREET	inform(from_street="*STREET")&inform(to_street="*STREET")&inform(from_borough="*BOROUGH")
1	*CITY *STREET	inform(street="*STREET")&inform(city="*CITY")
6	from *STREET *BOROUGH	inform(from_street="*STREET")&inform(from_borough="*BOROUGH")
1	from *STREET *BOROUGH to *CITY	inform(from_street="*STREET")&inform(from_borough="*BOROUGH")&inform(to_city="*CITY")
7	from *STREET *BOROUGH to *STREET	inform(from_street="*STREET")&inform(to_street="*STREET")&inform(from_borough="*BOROUGH")
1	from *STREET 	inform(from_street="*STREET")
6	from *STREET	inform(from_street="*STREET")
1	from *STREET t-	inform(from_street="*STREET")
2	from *STREET to *STOP	inform(from_street="*STREET")&inform(to_stop="*STOP")
6	no *STREET	inform(street="*STREET")&negate()
1	*NUMBER *STREET	inform(street="*STREET")
1	-om *STREET	inform(street="*STREET")
2	the *STREET	inform(street="*STREET")
1	to *STREET and	inform(to_street="*STREET")
3	to *STREET and *STREET	inform(to_street="*STREET")&inform(to_street2="*STREET")
1	to *STREET at *NUMBER o'clock	inform(to_street="*STREET")&inform(time="*TIME")
16	to *STREET	inform(to_street="*STREET")
1	yes *STREET	inform(street="*STREET")&affirm()
1	yes *STREET to *STOP	inform(from_street="*STREET")&inform(to_stop="*STOP")&affirm()
1	rather take the *VEHICLE	inform(vehicle="*VEHICLE")
1	i tell you what i want to get to *STREET	inform(to_street="*STREET")&inform(city="*CITY")&inform(task="find_connection")
1	bye thank you	bye()&thankyou()
2	no thank you goodbye	bye()&negate()&thankyou()
2	ok thank you good bye	bye()&thankyou()&ack()
2	ok thank you goodbye	bye()&thankyou()&ack()
2	ok thank you	thankyou()&ack()
1	okay thank	thankyou()&ack()
2	okay thank you goodbye	bye()&thankyou()&ack()
1	okay thank you	thankyou()&ack()
1	thank thank you goodbye	bye()&thankyou()
1	yes thank you	affirm()&thankyou()
1	no that is incorrect	negate()
1	and the connection	inform(task="find_connection")
1	and the distance of the trip	request(distance)
1	and the time for *CITY	inform(in_city="*CITY")
1	and the weather	inform(task="weather")
1	cancel the *VEHICLE	deny(vehicle="*VEHICLE")
1	change the destination to *STOP	inform(to_stop="*STOP")
2	change the destination to *STREET	inform(to_street="*STREET")
1	duration the *CITY is recorded	null()
1	-each the destination and what time will i be there	request(arrival_time="*ARRIVAL_TIME")
1	from the *STOP to the *STOP	inform(from_stop="*STOP")&inform(to_stop="*STOP")
1	from the *STREET to *STREET	inform(from_street="*STREET")&inform(to_street="*STREET")
1	is the time needed for the journey and the arrival time at the destination	request(arrival_time="*ARRIVAL_TIME")&request(duration)
1	of the trip	null()
1	to the *STOP	inform(to_stop="*STOP")
1	whats the duration time	null()
1	whats the weather forecast and the time for *BOROUGH	inform(in_borough="*BOROUGH")&inform(task="weather")
1	what's the arrival time at the destination	request(arrival_time="*ARRIVAL_TIME")
1	what's the connect connection in *NUMBER an hour	inform(departure_time_rel="*DEPARTURE_TIME_REL")&inform(task="find_connection")
1	what's the connection at *NUMBER	inform(departure_time="*DEPARTURE_TIME")&inform(task="find_connection")
2	what's the distance of the trip	request(distance)
2	what's the duration of the trip	request(duration)
1	what's the time in manny	request(current_time="*CURRENT_TIME")
1	what's the time in my favorite at *CITY	inform(in_city="*CITY")&request(current_time="*CURRENT_TIME")
1	what's the time in my um in my town	request(current_time="*CURRENT_TIME")
1	what's the time	request(current_time="*CURRENT_TIME")
1	what's the weather forecast for *CITY *STATE	inform(in_city="*CITY")&inform(state="*STATE")&inform(task="weather")
1	what's the weather forecast in *CITY *STATE	inform(in_city="*CITY")&inform(in_state="*STATE")&inform(task="weather")
1	what's the weather forecast	inform(task="weather")
1	what's the weather in *BOROUGH	inform(in_borough="*BOROUGH")&inform(task="weather")
1	what's the weather in *CITY *CITY	inform(in_city="*CITY")&inform(in_state="*STATE")&inform(task="weather")
1	what's the weather in *CITY	inform(in_city="*CITY")&inform(task="weather")
2	what's the weather	inform(task="weather")
1	what's the weather in	inform(task="weather")
1	what's the weather like in *BOROUGH	inform(in_borough="*BOROUGH")&inform(task="weather")
2	what's the weather like in *CITY	inform(in_city="*CITY")&inform(task="weather")
2	what's the weather like	inform(task="weather")
1	alright then go to *STREET	inform(to_street="*STREET")
1	well then you should listen	ack()
4	are there any connections	inform(alternative="dontcare")
1	are there any transfers	request(num_transfers)
2	is there a connection after that	inform(task="find_connection")&inform(alternative="next")
3	is there a connection at *NUMBER *AMPM	inform(departure_time="*DEPARTURE_TIME")&inform(ampm="*AMPM")&inform(task="find_connection")
1	is there a connection at *NUMBER in the *AMPM	inform(departure_time="*DEPARTURE_TIME")&inform(ampm="*AMPM")&inform(task="find_connection")
1	is there a connection at *NUMBER o'clock *AMPM	inform(departure_time="*DEPARTURE_TIME")&inform(ampm="*AMPM")&inform(task="find_connection")
3	is there a connection by *VEHICLE	inform(vehicle="*VEHICLE")&inform(task="find_connection")
1	is there a connection	inform(task="find_connection")
1	is there a connection in *NUMBER an hour	inform(departure_time_rel="*DEPARTURE_TIME_REL")&inform(task="find_connection")
1	is there a connection in *NUMBER minutes	inform(departure_time_rel="*DEPARTURE_TIME_REL")&inform(task="find_connection")
1	is there a departure at a later time	inform(alternative="next")
1	is there a different connection like a *VEHICLE	inform(vehicle="*VEHICLE")&inform(task="find_connection")&inform(alternative="next")
1	is there a different schedule	inform(task="find_connection")&reqalts()
1	is there a later alternative	inform(alternative="next")
1	is there a later option	inform(alternative="next")
2	is there a later schedule	inform(task="find_connection")
1	is there a later time	inform(alternative="next")
1	is there an alternate route at a later time	inform(alternative="next")
1	is there an alternate route at *NUMBER *AMPM	inform(time="*TIME")&inform(ampm="*AMPM")
1	is there an alternate time later	inform(alternative="next")
1	is there an alternative at *NUMBER *AMPM	inform(time="*TIME")&inform(ampm="*AMPM")
2	is there an alternative at *NUMBER in the *AMPM	inform(time="*TIME")&inform(ampm="*AMPM")
1	is there an alternative later time	inform(alternative="next")
2	is there an alternative	null()
1	is there an alternative route at *NUMBER *AMPM	inform(time="*TIME")&inform(ampm="*AMPM")
1	is there an alternative to *NUMBER *AMPM i would like to take the *VEHICLE	inform(time="*TIME")&inform(ampm="*AMPM")&inform(vehicle="*VEHICLE")
1	is there an alternative to take the *VEHICLE	inform(vehicle="*VEHICLE")
1	is there an option at *NUMBER *AMPM	inform(time="*TIME")&inform(ampm="*AMPM")
2	is there an option at *NUMBER o'clock	inform(time="*TIME")
1	is there an option for *NUMBER o'clock in the *AMPM	inform(time="*TIME")&inform(ampm="*AMPM")
1	is there another alternative for *NUMBER o'clock in the *AMPM by taking the *VEHICLE	inform(time="*TIME")&inform(ampm="*AMPM")&inform(vehicle="*VEHICLE")&reqalts()&inform(alternative="next")
1	is there another alternative	reqalts()&inform(alternative="next")
1	is there another connection after	inform(task="find_connection")&inform(alternative="next")
2	is there another option	inform(alternative="next")
1	is there another schedule	inform(task="find_connection")&reqalts()
1	is there any other connection from *STREET to *STOP	inform(from_street="*STREET")&inform(to_stop="*STOP")&inform(task="find_connection")&inform(alternative="next")
1	is there anything in 	null()
2	is there a quicker route	null()
1	is there a ride at a later time	inform(alternative="next")
1	is there a schedule after that	inform(task="find_connection")
1	is there a schedule at a later time	inform(task="find_connection")&inform(alternative="next")
1	is there a schedule at *NUMBER *AMPM	inform(departure_time="*DEPARTURE_TIME")&inform(ampm="*AMPM")&inform(task="find_connection")
1	is there a schedule at *NUMBER o'clock *AMPM	inform(departure_time="*DEPARTURE_TIME")&inform(ampm="*AMPM")&inform(task="find_connection")
1	is there a schedule at *NUMBER o'clock in the *AMPM	inform(departure_time="*DEPARTURE_TIME")&inform(ampm="*AMPM")&inform(task="find_connection")
1	is there a schedule for *NUMBER *AMPM	inform(departure_time="*DEPARTURE_TIME")&inform(ampm="*AMPM")&inform(task="find_connection")
1	is there a subsequent schedule	inform(task="find_connection")
1	is there a time i can leave at *NUMBER *AMPM	inform(time="*TIME")&inform(ampm="*AMPM")
1	is there a *VEHICLE connection	inform(vehicle="*VEHICLE")&inform(task="find_connection")
4	is there a *VEHICLE option	inform(vehicle="*VEHICLE")
1	is there a way to	null()
2	is there	null()
1	is there *NUMBER at *NUMBER o'clock in the *AMPM	inform(time="*TIME")&inform(ampm="*AMPM")
1	is there time requirement	request(duration)
1	yeah they hung up when you said good bye	bye()&affirm()
1	i think it's actually warmer than that	null()
1	i think that's gonna be it	null()
1	will this take	null()
2	arrival time	request(arrival_time="*ARRIVAL_TIME")
1	the time in *CITY	inform(in_city="*CITY")&request(current_time="*CURRENT_TIME")
1	travel time	request(duration)
1	trip time and arrival	null()
1	trip time	null()
2	what time does it leave	request(departure_time="*DEPARTURE_TIME")
1	what time is it in *BOROUGH right *TIME	inform(in_borough="*BOROUGH")&inform(time_rel="*TIME_REL")&request(current_time="*CURRENT_TIME")
1	what time is it in *CITY	inform(in_city="*CITY")&request(current_time="*CURRENT_TIME")
1	what time is it in *CITY	inform(in_state="*STATE")&request(current_time="*CURRENT_TIME")
1	what time is it in *CITY *STATE	inform(in_city="*CITY")&inform(in_state="*STATE")&request(current_time="*CURRENT_TIME")
1	what time is it in popake *CITY	inform(in_city="*CITY")&request(current_time="*CURRENT_TIME")
1	what time is it in	request(current_time="*CURRENT_TIME")
4	what time is it	request(current_time="*CURRENT_TIME")
1	what time is it right *TIME	inform(time_rel="*TIME_REL")&request(current_time="*CURRENT_TIME")
5	what time is it *TIME	inform(time_rel="*TIME_REL")&request(current_time="*CURRENT_TIME")
1	what time is the arrival	request(arrival_time="*ARRIVAL_TIME")
1	what time was that	null()
2	what time will i arrive at my destination	request(arrival_time="*ARRIVAL_TIME")
3	what time will i arrive at *STREET	inform(street="*STREET")&request(arrival_time="*ARRIVAL_TIME")
13	what time will i arrive	request(arrival_time="*ARRIVAL_TIME")
1	what time will i arrive there	request(arrival_time="*ARRIVAL_TIME")
2	what time will i be at my destination	request(arrival_time="*ARRIVAL_TIME")
4	what time will i be there	request(arrival_time="*ARRIVAL_TIME")
3	what time will i get there	request(arrival_time="*ARRIVAL_TIME")
2	what time will i get to *STREET	inform(to_street="*STREET")&request(arrival_time="*ARRIVAL_TIME")
2	what time will i reach my destination	request(arrival_time="*ARRIVAL_TIME")
3	what time will i reach the destination	request(arrival_time="*ARRIVAL_TIME")
1	what time would i arrive	request(arrival_time="*ARRIVAL_TIME")
1	*BOROUGH to *STREET and *STREET i would like to know the duration of the trip and find out connection at *NUMBER *AMPM	inform(to_street="*STREET")&inform(to_street2="*STREET")&inform(from_borough="*BOROUGH")&inform(departure_time="*DEPARTURE_TIME")&inform(ampm="*AMPM")&inform(task="find_connection")&request(duration)
2	*BOROUGH to *STREET	inform(to_street="*STREET")&inform(from_borough="*BOROUGH")
1	change to *STREET	inform(to_street="*STREET")
1	*CITY to *STREET	inform(to_street="*STREET")&inform(from_city="*CITY")
1	connection to *STREET	inform(to_street="*STREET")&inform(task="find_connection")
1	going to *STREET	inform(to_street="*STREET")
1	how to travel from *STREET	inform(from_street="*STREET")
1	how to travel to *STOP	inform(to_stop="*STOP")
1	information to get from *STREET to *STREET	inform(from_street="*STREET")&inform(to_street="*STREET")
1	like to go from *STREET *BOROUGH	inform(from_street="*STREET")&inform(from_borough="*BOROUGH")&inform(task="find_connection")
1	need to find a *VEHICLE connection from *STOP to the *STOP	inform(from_stop="*STOP")&inform(to_stop="*STOP")&inform(vehicle="*VEHICLE")&inform(task="find_connection")
1	prefer to use the *VEHICLE	inform(vehicle="*VEHICLE")
1	*STOP to bleeker street	inform(from_stop="*STOP")
1	*STOP to *CITY	inform(from_stop="*STOP")&inform(to_city="*CITY")
12	*STOP to *STOP	inform(from_stop="*STOP")&inform(to_stop="*STOP")
10	*STOP to *STREET	inform(to_street="*STREET")&inform(from_stop="*STOP")
1	*STREET to bower- *STREET	inform(from_street="*STREET")&inform(to_street="*STREET")
1	*STREET to	inform(from_street="*STREET")
1	*STREET to *NUMBER street	inform(from_street="*STREET")
4	*STREET to *STOP	inform(from_street="*STREET")&inform(to_stop="*STOP")
1	*STREET to *STREET and *STREET	inform(from_street="*STREET")&inform(to_street="*STREET")&inform(to_street2="*STREET")
1	*STREET to *STREET how long will it take	inform(from_street="*STREET")&inform(to_street="*STREET")&request(duration)
11	*STREET to *STREET	inform(from_street="*STREET")&inform(to_street="*STREET")
1	travelling to *STREET	inform(to_street="*STREET")
1	want to find a *VEHICLE connection	inform(vehicle="*VEHICLE")&inform(task="find_connection")
1	want to go to *STREET	inform(to_street="*STREET")&inform(task="find_connection")
1	public tr-	null()
1	yes transit itinerary from *STREET to *STREET	inform(from_street="*STREET")&inform(to_street="*STREET")&inform(task="find_connection")&affirm()
1	public transport from *STREET to *STOP 	inform(from_street="*STREET")&inform(to_stop="*STOP")
1	public transportation	null()
1	i'm traveling from *STOP	inform(from_stop="*STOP")
1	i'm traveling from *STOP to *STREET	inform(to_street="*STREET")&inform(from_stop="*STOP")
1	i'm traveling to *CITY	inform(state="*STATE")
1	i'm travelling from *STREET to *STREET	inform(from_street="*STREET")&inform(to_street="*STREET")
1	and uh *STREET	inform(street="*STREET")
3	by *VEHICLE	inform(vehicle="*VEHICLE")
1	find *VEHICLE connection from *STOP to *STOP	inform(from_stop="*STOP")&inform(to_stop="*STOP")&inform(vehicle="*VEHICLE")&inform(task="find_connection")
1	find *VEHICLE connection from *STREET to *CITY college	inform(from_street="*STREET")&inform(to_city="*CITY")&inform(vehicle="*VEHICLE")&inform(task="find_connection")
1	it *VEHICLE	null()
1	use *VEHICLE	inform(vehicle="*VEHICLE")
1	i wanna arrive at *STREET	inform(street="*STREET")
1	i wanna depart from co- *STOP	confirm(from_stop="*STOP")
1	i wanna find a connection from *STREET *BOROUGH to rockway *CITY *STREET	inform(from_street="*STREET")&inform(to_street="*STREET")&inform(from_borough="*BOROUGH")&inform(to_city="*CITY")&inform(task="find_connection")
1	i wanna find a *VEHICLE connection from *STOP to *STOP	inform(from_stop="*STOP")&inform(to_stop="*STOP")&inform(vehicle="*VEHICLE")&inform(task="find_connection")
1	i wanna find out about a transit schedule	inform(task="find_connection")
1	i wanna go from *BOROUGH to *BOROUGH	inform(from_borough="*BOROUGH")&inform(to_borough="*BOROUGH")
1	i wanna go from *BOROUGH to mcdonald's	inform(from_borough="*BOROUGH")
1	i wanna go to *STOP	inform(to_stop="*STOP")
1	i wanna leave at *NUMBER *AMPM by *VEHICLE	inform(time="*TIME")&inform(ampm="*AMPM")&inform(vehicle="*VEHICLE")
2	i want a connection	inform(task="find_connection")
1	i want a transit schedule my departure place is *STREET and i am going to *STREET	inform(street="*STREET")&inform(to_street="*STREET")&inform(task="find_connection")
1	i want a *VEHICLE connection from *STOP to *STOP	inform(from_stop="*STOP")&inform(to_stop="*STOP")&inform(vehicle="*VEHICLE")&inform(task="find_connection")
1	i want	null()
1	i want the weather forecast and the time	inform(task="weather")
1	i want to arrive at *STOP how long will it take	inform(to_stop="*STOP")&request(duration)
7	i want to arrive at *STOP	inform(to_stop="*STOP")
3	i want to arrive at *STREET	inform(to_street="*STREET")
1	i want to arrive in *STOP how long will that take	inform(to_stop="*STOP")&request(duration)
2	i want to arrive in *STOP	inform(to_stop="*STOP")
1	i want to arrive in *STREET	inform(to_street="*STREET")
1	i want to arrive	null()
1	i want to change destination	null()
1	i want to change my destination to *STREET	inform(to_street="*STREET")
1	i want to change my mind and go to *STREET at *NUMBER o'clock	inform(to_street="*STREET")&inform(time="*TIME")
1	i want to depart from	null()
7	i want to depart from *STREET	confirm(from_street="*STREET")
1	i want to depart from world *CITY *CITY	confirm(from_city="*CITY")&inform(to_city="*CITY")
1	i want to find a connection from *STREET *BOROUGH to *STREET how long will it take and how far is it	inform(from_street="*STREET")&inform(to_street="*STREET")&inform(from_borough="*BOROUGH")&inform(task="find_connection")&request(duration)&request(distance)
20	i want to find a connection from *STREET *BOROUGH to *STREET	inform(from_street="*STREET")&inform(to_street="*STREET")&inform(from_borough="*BOROUGH")&inform(task="find_connection")
1	i want to find a connection from *STREET in *BOROUGH to *STREET	inform(from_street="*STREET")&inform(to_street="*STREET")&inform(from_borough="*BOROUGH")&inform(task="find_connection")
1	i want to find a connection from *STREET	inform(from_street="*STREET")&inform(task="find_connection")
1	i want to find a connection from *STREET man	inform(from_street="*STREET")&inform(task="find_connection")
1	i want to find a connection from *STREET queen to *STREET	inform(from_street="*STREET")&inform(to_street="*STREET")&inform(task="find_connection")
4	i want to find a connection	inform(task="find_connection")
1	i want to find a *VEHICLE connection from *STOP from	inform(from_stop="*STOP")&inform(vehicle="*VEHICLE")&inform(task="find_connection")
5	i want to find a *VEHICLE connection from *STOP to *STOP	inform(from_stop="*STOP")&inform(to_stop="*STOP")&inform(vehicle="*VEHICLE")&inform(task="find_connection")
1	i want to find a *VEHICLE connection from *STOP to *STREET *NUMBER	inform(to_street="*STREET")&inform(from_stop="*STOP")&inform(vehicle="*VEHICLE")&inform(task="find_connection")
3	i want to find a *VEHICLE connection from *STOP to the *STOP	inform(from_stop="*STOP")&inform(to_stop="*STOP")&inform(vehicle="*VEHICLE")&inform(task="find_connection")
5	i want to find a *VEHICLE connection from *STREET *BOROUGH to *STREET and *STREET	inform(from_street="*STREET")&inform(to_street="*STREET")&inform(to_street2="*STREET")&inform(from_borough="*BOROUGH")&inform(vehicle="*VEHICLE")&inform(task="find_connection")
1	i want to find a *VEHICLE connection from *STREET to *CITY	inform(from_street="*STREET")&inform(to_city="*CITY")&inform(vehicle="*VEHICLE")&inform(task="find_connection")
1	i want to find the connections from *STREET *BOROUGH to *CITY	inform(from_street="*STREET")&inform(from_borough="*BOROUGH")&inform(to_city="*CITY")
1	i want to get from *STREET to *STREET	inform(from_street="*STREET")&inform(to_street="*STREET")&inform(task="find_connection")
1	i want to get to *STOP	inform(to_stop="*STOP")&inform(task="find_connection")
2	i want to go at *NUMBER *AMPM by *VEHICLE	inform(departure_time="*DEPARTURE_TIME")&inform(ampm="*AMPM")&inform(vehicle="*VEHICLE")&inform(task="find_connection")
6	i want to go by *VEHICLE	inform(vehicle="*VEHICLE")&inform(task="find_connection")
1	i want to go depart from *STOP to *STOP	confirm(from_stop="*STOP")&inform(to_stop="*STOP")&inform(task="find_connection")
1	i want to go from *BOROUGH	inform(from_borough="*BOROUGH")&inform(task="find_connection")
1	i want to go from *CITY *CITY and *CITY street	inform(from_city="*CITY")&inform(to_city="*CITY")&inform(city="*CITY")&inform(task="find_connection")
1	i want to go from *CITY *STOP towards *STREET	inform(from_street="*STREET")&inform(from_stop="*STOP")&inform(task="find_connection")
1	i want to go from *CITY to *CITY	inform(from_city="*CITY")&inform(to_city="*CITY")&inform(task="find_connection")
3	i want to go from *STOP	inform(from_stop="*STOP")&inform(task="find_connection")
2	i want to go from *STOP to *STOP	inform(from_stop="*STOP")&inform(to_stop="*STOP")&inform(task="find_connection")
2	i want to go from *STOP to *STREET	inform(to_street="*STREET")&inform(from_stop="*STOP")&inform(task="find_connection")
1	i want to go from *STOP towards *STREET	inform(from_street="*STREET")&inform(from_stop="*STOP")&inform(task="find_connection")
1	i want to go from *STREET and *STREET	inform(from_street="*STREET")&inform(from_street2="*STREET")&inform(task="find_connection")
1	i want to go from *STREET *BOROUGH	inform(from_street="*STREET")&inform(from_borough="*BOROUGH")&inform(task="find_connection")
1	i want to go from *STREET *BOROUGH to *STREET and *STREET hello	inform(from_street="*STREET")&inform(to_street="*STREET")&inform(to_street2="*STREET")&inform(from_borough="*BOROUGH")&hello()&inform(task="find_connection")
2	i want to go from *STREET *BOROUGH to *STREET and *STREET	inform(from_street="*STREET")&inform(to_street="*STREET")&inform(to_street2="*STREET")&inform(from_borough="*BOROUGH")&inform(task="find_connection")
4	i want to go from *STREET *BOROUGH to *STREET	inform(from_street="*STREET")&inform(to_street="*STREET")&inform(from_borough="*BOROUGH")&inform(task="find_connection")
1	i want to go from *STREET in *BOROUGH to *STREET	inform(from_street="*STREET")&inform(to_street="*STREET")&inform(from_borough="*BOROUGH")&inform(task="find_connection")
8	i want to go from *STREET	inform(from_street="*STREET")&inform(task="find_connection")
2	i want to go from *STREET to	inform(from_street="*STREET")&inform(task="find_connection")
7	i want to go from *STREET to *STOP	inform(from_street="*STREET")&inform(to_stop="*STOP")&inform(task="find_connection")
8	i want to go from *STREET to *STREET	inform(from_street="*STREET")&inform(to_street="*STREET")&inform(task="find_connection")
1	i want to go from the *STREET to *STREET and i need to know how long it will take to reach that destination	inform(from_street="*STREET")&inform(to_street="*STREET")&inform(task="find_connection")&request(duration)
1	i want to go i want to go from *STREET	inform(from_street="*STREET")&inform(task="find_connection")
1	i want to go to a different part of *BOROUGH	inform(to_borough="*BOROUGH")&reqalts()&inform(task="find_connection")
1	i want to go to *CITY	inform(to_city="*CITY")&inform(task="find_connection")
1	i want to go to prince s-	inform(task="find_connection")
8	i want to go to *STOP	inform(to_stop="*STOP")&inform(task="find_connection")
2	i want to go to *STOP instead	inform(to_stop="*STOP")&inform(task="find_connection")
1	i want to go to *STREET and *STREET hello	inform(to_street="*STREET")&inform(to_street2="*STREET")&hello()&inform(task="find_connection")
1	i want to go to *STREET by 	inform(to_street="*STREET")&inform(task="find_connection")
1	i want to go to *STREET from *STREET	inform(to_street="*STREET")&inform(from_street="*STREET")&inform(task="find_connection")
12	i want to go to *STREET	inform(to_street="*STREET")&inform(task="find_connection")
1	i want to go to the *STOP	inform(to_stop="*STOP")&inform(task="find_connection")
3	i want to go to the *STREET	inform(to_street="*STREET")&inform(task="find_connection")
1	i want to go to time square	inform(task="find_connection")
1	i want to know about a trip going from *STREET	inform(from_street="*STREET")
1	i want to know how long it takes to get from *STREET to *STREET	inform(from_street="*STREET")&inform(to_street="*STREET")&request(duration)&request(distance)
1	i want to know how to get from *STOP to *STREET	inform(to_street="*STREET")&inform(from_stop="*STOP")
1	i want to know how to travel from *STREET to *STOP	inform(from_street="*STREET")&inform(to_stop="*STOP")
1	i want to leave at *NUMBER *AMPM by *VEHICLE	inform(departure_time="*DEPARTURE_TIME")&inform(ampm="*AMPM")&inform(vehicle="*VEHICLE")
6	i want to leave at *NUMBER *AMPM	inform(departure_time="*DEPARTURE_TIME")&inform(ampm="*AMPM")
1	i want to leave from *STOP and get to *STOP	inform(from_stop="*STOP")&inform(to_stop="*STOP")
2	i want to leave from *STOP and go to *STREET	inform(to_street="*STREET")&inform(from_stop="*STOP")
1	i want to leave from *STREET *BOROUGH at *NUMBER *AMPM to *STREET and *STREET	inform(from_street="*STREET")&inform(to_street="*STREET")&inform(to_street2="*STREET")&inform(from_borough="*BOROUGH")&inform(departure_time="*DEPARTURE_TIME")&inform(ampm="*AMPM")
2	i want to make a connection	inform(task="find_connection")
1	i want to	null()
1	i want to ride in *STOP	inform(to_stop="*STOP")
1	i want to stop at *STOP but i am heading to *STREET	inform(to_street="*STREET")&inform(to_stop="*STOP")&inform(task="find_connection")
1	i want to take a *VEHICLE	inform(vehicle="*VEHICLE")&inform(task="find_connection")
3	i want to take the *VEHICLE	inform(vehicle="*VEHICLE")&inform(task="find_connection")
1	i want to travel *DATE_REL	inform(date_rel="*DATE_REL")&inform(task="find_connection")
1	i want to travel from *STREET *BOROUGH	inform(from_street="*STREET")&inform(from_borough="*BOROUGH")&inform(task="find_connection")
1	i want to travel from *STREET	inform(from_street="*STREET")&inform(task="find_connection")
3	i want to travel from *STREET to *STOP	inform(from_street="*STREET")&inform(to_stop="*STOP")&inform(task="find_connection")
1	i want to travel from *STREET to *STREET	inform(from_street="*STREET")&inform(to_street="*STREET")&inform(task="find_connection")
1	i want to travel to *CITY	inform(state="*STATE")&inform(task="find_connection")
1	i want to travel to *STOP	inform(to_stop="*STOP")&inform(task="find_connection")
1	i want to travel to *STREET	inform(to_street="*STREET")&inform(task="find_connection")
1	i want to visit a walmart	null()
1	that was it	bye()
1	a way to go not by *VEHICLE	inform(vehicle="*VEHICLE")&negate()
1	can we start over	restart()
1	sorry we didn't catch that please press *NUMBER number if you don't want to use local phone please hang up *TIME	deny(time_rel="*TIME_REL")
1	yes we do	affirm()
1	yes we do what is the code	affirm()
1	the weather forecast and time	inform(task="weather")
1	the weather in *BOROUGH	inform(in_borough="*BOROUGH")&inform(task="weather")
1	the weather	inform(task="weather")
1	alright what is the weather like in *CITY	inform(in_city="*CITY")&inform(task="weather")
1	and what about the connection	inform(task="find_connection")
1	and what is the connection in an *NUMBER an hour	inform(departure_time_rel="*DEPARTURE_TIME_REL")&inform(task="find_connection")
1	and what is the forecast in *BOROUGH *CITY	inform(in_borough="*BOROUGH")&inform(in_city="*CITY")&inform(task="weather")
1	and what is the weather forecast and time	inform(task="weather")
1	and what is the weather forecast for *DATE_REL	inform(date_rel="*DATE_REL")&inform(task="weather")
1	and what is the weather like in *CITY *STATE	inform(in_city="*CITY")&inform(in_state="*STATE")&inform(task="weather")
1	and what time is it in *BOROUGH	inform(in_borough="*BOROUGH")&request(current_time="*CURRENT_TIME")
1	and what time is it *TIME	inform(time_rel="*TIME_REL")&request(current_time="*CURRENT_TIME")
1	and what time is that	null()
1	and what time will i arrive	request(arrival_time="*ARRIVAL_TIME")
1	and what time will i be there	request(arrival_time="*ARRIVAL_TIME")
1	and what time would the next connection be	inform(task="find_connection")&request(departure_time="*DEPARTURE_TIME")&inform(alternative="next")
1	and what will the weather forecast be	inform(task="weather")
1	hey what if i am going to *STREET	inform(to_street="*STREET")&hello()
1	ok what if i leave at around *NUMBER *AMPM	inform(time="*TIME")&inform(ampm="*AMPM")&ack()
5	ok what time is it *TIME	inform(time_rel="*TIME_REL")&ack()&request(current_time="*CURRENT_TIME")
1	okay what if i change my departure time	ack()
1	okay what if i'd rather ride the *VEHICLE	inform(vehicle="*VEHICLE")&ack()
1	okay what time is it *TIME	inform(time_rel="*TIME_REL")&ack()&request(current_time="*CURRENT_TIME")
1	*TIME what about a connection by *VEHICLE	inform(departure_time_rel="*DEPARTURE_TIME_REL")&inform(vehicle="*VEHICLE")&inform(task="find_connection")
1	*TIME what time will i be there	inform(time_rel="*TIME_REL")&request(arrival_time="*ARRIVAL_TIME")
1	uh what is the distance of that trip	request(distance)
1	yes what time does that leave again	affirm()&request(departure_time="*DEPARTURE_TIME")
1	and what's the duration of that	request(duration)
1	and what's the weather	inform(task="weather")
1	and what's the weather like in	inform(task="weather")
1	hey what's the weather forecast	inform(task="weather")&hello()
1	well where can i go in brook-	ack()
1	i will find a connection from *STREET *BOROUGH to *STREET	inform(from_street="*STREET")&inform(to_street="*STREET")&inform(from_borough="*BOROUGH")&inform(task="find_connection")
1	when will i arrive at *STREET	inform(street="*STREET")&request(arrival_time="*ARRIVAL_TIME")
2	when will i arrive	request(arrival_time="*ARRIVAL_TIME")
1	when will i be at *STREET	inform(to_street="*STREET")
3	when will i get there	request(arrival_time="*ARRIVAL_TIME")
1	when will i reach my destination in *STOP	inform(to_stop="*STOP")&request(arrival_time="*ARRIVAL_TIME")
1	when will i reach my destination	request(arrival_time="*ARRIVAL_TIME")
1	when will the next *VEHICLE	inform(vehicle="*VEHICLE")&request(departure_time="*DEPARTURE_TIME")&inform(alternative="next")
1	not working not getting a code	negate()
1	i would like a *NUMBER *AMPM	inform(time="*TIME")&inform(ampm="*AMPM")
1	i would like a ride at *NUMBER *AMPM and would like to take the *VEHICLE	inform(time="*TIME")&inform(ampm="*AMPM")&inform(vehicle="*VEHICLE")
1	i would like my departure time at *NUMBER *AMPM	inform(departure_time="*DEPARTURE_TIME")&inform(ampm="*AMPM")
1	i would like *NUMBER o'clock *VEHICLE to *STOP	inform(to_stop="*STOP")&inform(time="*TIME")&inform(vehicle="*VEHICLE")
1	i would like the *VEHICLE connection from *STREET	inform(from_street="*STREET")&inform(vehicle="*VEHICLE")&inform(task="find_connection")
1	i would like the weather forecast	inform(task="weather")
1	i would like to depart from *STREET and end at *STOP	confirm(from_street="*STREET")&confirm(to_stop="*STOP")
1	i would like to depart from *STREET and go to *STOP	confirm(from_street="*STREET")&confirm(to_stop="*STOP")
1	i would like to depart from *STREET	confirm(from_street="*STREET")
1	i would like to depart *STREET and go to *STREET	inform(to_street="*STREET")&inform(to_street2="*STREET")
1	i would like to find a connection from *STREET *BOROUGH to *STREET	inform(from_street="*STREET")&inform(to_street="*STREET")&inform(from_borough="*BOROUGH")&inform(task="find_connection")
1	i would like to find a connection	inform(task="find_connection")
1	i would like to find a *VEHICLE connection from *STOP to *STOP	inform(from_stop="*STOP")&inform(to_stop="*STOP")&inform(vehicle="*VEHICLE")&inform(task="find_connection")
1	i would like to find a *VEHICLE	inform(vehicle="*VEHICLE")
1	i would like to find information from *STREET *BOROUGH	inform(from_street="*STREET")&inform(from_borough="*BOROUGH")
1	i would like to find out about a connection	inform(task="find_connection")
1	i would like to get a connection from *STREET *BOROUGH to *STREET and *STREET	inform(from_street="*STREET")&inform(to_street="*STREET")&inform(to_street2="*STREET")&inform(from_borough="*BOROUGH")&inform(task="find_connection")
1	i would like to get from the *BOROUGH to the *STOP	inform(to_stop="*STOP")&inform(from_borough="*BOROUGH")&inform(task="find_connection")
1	i would like to get to *CITY *STATE	inform(to_city="*CITY")&inform(state="*STATE")&inform(task="find_connection")
1	i would like to get to the *STREET	inform(to_street="*STREET")&inform(task="find_connection")
1	i would like to go from *STOP to rockefeller *STOP	inform(from_stop="*STOP")&inform(to_stop="*STOP")&inform(task="find_connection")
1	i would like to go from *STOP to *STREET	inform(to_street="*STREET")&inform(from_stop="*STOP")&inform(task="find_connection")
1	i would like to go from *STREET *BOROUGH	inform(from_street="*STREET")&inform(from_borough="*BOROUGH")&inform(task="find_connection")
1	i would like to go from *STREET *BOROUGH to *STREET	inform(from_street="*STREET")&inform(to_street="*STREET")&inform(from_borough="*BOROUGH")&inform(task="find_connection")
4	i would like to go from *STREET	inform(from_street="*STREET")&inform(task="find_connection")
2	i would like to go from *STREET to	inform(from_street="*STREET")&inform(task="find_connection")
5	i would like to go from *STREET to *STREET	inform(from_street="*STREET")&inform(to_street="*STREET")&inform(task="find_connection")
1	i would like to go from *STREET towards *STREET	inform(from_street="*STREET")&inform(from_street2="*STREET")&inform(task="find_connection")
1	i would like to go from the	inform(task="find_connection")
1	i would like to go to from *STREET to *STREET man	inform(from_street="*STREET")&inform(to_street="*STREET")&inform(task="find_connection")
2	i would like to go to *STOP	inform(to_stop="*STOP")&inform(task="find_connection")
1	i would like to go to *STREET f-	inform(to_street="*STREET")&inform(task="find_connection")
7	i would like to go to *STREET	inform(to_street="*STREET")&inform(task="find_connection")
1	i would like to go to the *STOP	inform(to_stop="*STOP")&inform(task="find_connection")
1	i would like to go to uni- *STOP	inform(to_stop="*STOP")&inform(task="find_connection")
1	i would like to know how long that would take	request(duration)
1	i would like to know the distance between *STREET and *STREET in *BOROUGH	inform(to_street="*STREET")&inform(from_street="*STREET")&inform(in_borough="*BOROUGH")&request(distance)
1	i would like to know the weather forecast for *BOROUGH *CITY	inform(in_borough="*BOROUGH")&inform(in_city="*CITY")&inform(task="weather")
1	i would like to leave or depart at *NUMBER *AMPM	inform(time="*TIME")&inform(ampm="*AMPM")
1	i would like to search for a route leaving from *STREET to 	inform(from_street="*STREET")
1	i would like to see if you have a route for me to take	null()
1	i would like to start from *STOP and go to *STOP	inform(from_stop="*STOP")&inform(to_stop="*STOP")
1	i would like to take the *VEHICLE	inform(vehicle="*VEHICLE")
1	i would like to travel from *STREET to *STOP	inform(from_street="*STREET")&inform(to_stop="*STOP")
1	i would prefer to go by *VEHICLE	inform(vehicle="*VEHICLE")
1	i would rather go by *VEHICLE	inform(vehicle="*VEHICLE")
1	i would rather take the *VEHICLE	inform(vehicle="*VEHICLE")
1	i would rather use the *VEHICLE	inform(vehicle="*VEHICLE")
1	are you there	null()
1	can you give me a time for the next connection	inform(task="find_connection")&inform(alternative="next")
1	can you give me the second option	inform(alternative="2")
1	can you give me the weather forecast and time	inform(task="weather")
12	can you repeat that	repeat()
1	can you tell me weather forecast	inform(task="weather")
1	do you have a connection from *STREET to *STOP	inform(from_street="*STREET")&inform(to_stop="*STOP")&inform(task="find_connection")
1	do you have an alternative at a later time	inform(alternative="next")
1	do you have an alternative at a later time oh	inform(alternative="next")
1	do you have a schedule	inform(task="find_connection")
1	do you have a weather	inform(task="weather")
1	do you have the time for *CITY *CITY	inform(in_city="*CITY")&inform(state="*STATE")
2	thank you bye	bye()&thankyou()
150	thank you good bye	bye()&thankyou()
151	thank you goodbye	bye()&thankyou()
1	thank you good bye weather for *STATE	inform(state="*STATE")&inform(task="weather")&bye()&thankyou()
1	thank you good-	thankyou()
1	thank you i need to at *NUMBER oclock and on a *VEHICLE to *STREET	inform(to_street="*STREET")&inform(time="*TIME")&inform(vehicle="*VEHICLE")&thankyou()
20	thank you	thankyou()
